"SPEC","COMMONNAME","SCINAME","SPEC6","species_id","aou","french_common_name","spanish_common_name","sporder","family","genus","species"
"PLCH","Plain Chachalaca","Ortalis vetula","ORTVET",76,3110,"Ortalide chacamel","Ortalis vetula","Galliformes","Cracidae","Ortalis","vetula"
"MOUQ","Mountain Quail","Oreortyx pictus","OREPIC",84,2920,"Colin des montagnes","Oreortyx pictus","Galliformes","Odontophoridae","Oreortyx","pictus"
"NOBO","Northern Bobwhite","Colinus virginianus","COLVIR",89,2890,"Colin de Virginie","Colinus virginianus","Galliformes","Odontophoridae","Colinus","virginianus"
"SCQU","Scaled Quail","Callipepla squamata","CALSQU",91,2930,"Colin écaillé","Callipepla squamata","Galliformes","Odontophoridae","Callipepla","squamata"
"CAQU","California Quail","Callipepla californica","CALCAF",93,2940,"Colin de Californie","Callipepla californica","Galliformes","Odontophoridae","Callipepla","californica"
"GAQU","Gambel's Quail","Callipepla gambelii","CALGAM",94,2950,"Colin de Gambel","Callipepla gambelii","Galliformes","Odontophoridae","Callipepla","gambelii"
"MONQ","Montezuma Quail","Cyrtonyx montezumae","CYRMON",95,2960,"Colin arlequin","Cyrtonyx montezumae","Galliformes","Odontophoridae","Cyrtonyx","montezumae"
"CHUK","Chukar","Alectoris chukar","ALECHU",99,2882,"Perdrix choukar","Alectoris chukar","Galliformes","Phasianidae","Alectoris","chukar"
"GRAP","Gray Partridge","Perdix perdix","PERPER",102,2881,"Perdrix grise","Perdix perdix","Galliformes","Phasianidae","Perdix","perdix"
"RNEP","Ring-necked Pheasant","Phasianus colchicus","PHACOL",103,3091,"Faisan de Colchide","Phasianus colchicus","Galliformes","Phasianidae","Phasianus","colchicus"
"INPE","Indian Peafowl","Pavo cristatus","PAVCRI",104,3095,"Paon bleu","Pavo cristatus","Galliformes","Phasianidae","Pavo","cristatus"
"RUGR","Ruffed Grouse","Bonasa umbellus","BONUMB",105,3000,"Gélinotte huppée","Bonasa umbellus","Galliformes","Phasianidae","Bonasa","umbellus"
"GRSG","Greater Sage-Grouse","Centrocercus urophasianus","CENURO",106,3090,"Tétras des armoises","Centrocercus urophasianus","Galliformes","Phasianidae","Centrocercus","urophasianus"
"GUSG","Gunnison Sage-Grouse","Centrocercus minimus","CENMIN",107,3089,"Tétras du Gunnison","Centrocercus minimus","Galliformes","Phasianidae","Centrocercus","minimus"
"SPGR","Spruce Grouse","Falcipennis canadensis","FALCAN",108,2980,"Tétras du Canada","Falcipennis canadensis","Galliformes","Phasianidae","Falcipennis","canadensis"
"WIPT","Willow Ptarmigan","Lagopus lagopus","LAGLAG",109,3010,"Lagopède des saules","Lagopus lagopus","Galliformes","Phasianidae","Lagopus","lagopus"
"ROPT","Rock Ptarmigan","Lagopus muta","LAGMUT",110,3020,"Lagopède alpin","Lagopus muta","Galliformes","Phasianidae","Lagopus","muta"
"WTPT","White-tailed Ptarmigan","Lagopus leucura","LAGLEU",111,3040,"Lagopède à queue blanche","Lagopus leucura","Galliformes","Phasianidae","Lagopus","leucura"
"DUGR","Dusky Grouse","Dendragapus obscurus","DENOBS",112,2970,"Tétras sombre","Dendragapus obscurus","Galliformes","Phasianidae","Dendragapus","obscurus"
"SOGR","Sooty Grouse","Dendragapus fuliginosus","DENFUU",113,2971,"Tétras fuligineux","Dendragapus fuliginosus","Galliformes","Phasianidae","Dendragapus","fuliginosus"
"STGR","Sharp-tailed Grouse","Tympanuchus phasianellus","TYMPHA",115,3080,"Tétras à queue fine","Tympanuchus phasianellus","Galliformes","Phasianidae","Tympanuchus","phasianellus"
"GRPC","Greater Prairie-Chicken","Tympanuchus cupido","TYMCUP",116,3050,"Tétras des prairies","Tympanuchus cupido","Galliformes","Phasianidae","Tympanuchus","cupido"
"LEPC","Lesser Prairie-Chicken","Tympanuchus pallidicinctus","TYMPAL",117,3070,"Tétras pâle","Tympanuchus pallidicinctus","Galliformes","Phasianidae","Tympanuchus","pallidicinctus"
"WITU","Wild Turkey","Meleagris gallopavo","MELGAL",118,3100,"Dindon sauvage","Meleagris gallopavo","Galliformes","Phasianidae","Meleagris","gallopavo"
"ROPI","Rock Pigeon","Columba livia","COLLIV",129,3131,"Pigeon biset","Columba livia","Columbiformes","Columbidae","Columba","livia"
"WCPI","White-crowned Pigeon","Patagioenas leucocephala","PATLEU",133,3140,"Pigeon à couronne blanche","Patagioenas leucocephala","Columbiformes","Columbidae","Patagioenas","leucocephala"
"RBPI","Red-billed Pigeon","Patagioenas flavirostris","PATFLA",134,3130,"Pigeon à bec rouge","Patagioenas flavirostris","Columbiformes","Columbidae","Patagioenas","flavirostris"
"BTPI","Band-tailed Pigeon","Patagioenas fasciata","PATFAS",135,3120,"Pigeon à queue barrée","Patagioenas fasciata","Columbiformes","Columbidae","Patagioenas","fasciata"
"EUCD","Eurasian Collared-Dove","Streptopelia decaocto","STRDEC",140,22860,"Tourterelle turque","Streptopelia decaocto","Columbiformes","Columbidae","Streptopelia","decaocto"
"SPDO","Spotted Dove","Streptopelia chinensis","STRCHI",141,3151,"Tourterelle tigrine","Streptopelia chinensis","Columbiformes","Columbidae","Streptopelia","chinensis"
"INDO","Inca Dove","Columbina inca","COLINC",142,3210,"Colombe inca","Columbina inca","Columbiformes","Columbidae","Columbina","inca"
"COGD","Common Ground-Dove","Columbina passerina","COLPAS",143,3200,"Colombe à queue noire","Columbina passerina","Columbiformes","Columbidae","Columbina","passerina"
"RUGD","Ruddy Ground-Dove","Columbina talpacoti","COLTAL",145,3201,"Colombe rousse","Columbina talpacoti","Columbiformes","Columbidae","Columbina","talpacoti"
"WTDO","White-tipped Dove","Leptotila verreauxi","LEPVEX",150,3180,"Colombe de Verreaux","Leptotila verreauxi","Columbiformes","Columbidae","Leptotila","verreauxi"
"WWDO","White-winged Dove","Zenaida asiatica","ZENASI",156,3190,"Tourterelle à ailes blanches","Zenaida asiatica","Columbiformes","Columbidae","Zenaida","asiatica"
"MODO","Mourning Dove","Zenaida macroura","ZENMAC",158,3160,"Tourterelle triste","Zenaida macroura","Columbiformes","Columbidae","Zenaida","macroura"
"YBCU","Yellow-billed Cuckoo","Coccyzus americanus","COCAME",164,3870,"Coulicou à bec jaune","Coccyzus americanus","Cuculiformes","Cuculidae","Coccyzus","americanus"
"MACU","Mangrove Cuckoo","Coccyzus minor","COCMIR",165,3860,"Coulicou manioc","Coccyzus minor","Cuculiformes","Cuculidae","Coccyzus","minor"
"BBCU","Black-billed Cuckoo","Coccyzus erythropthalmus","COCERY",166,3880,"Coulicou à bec noir","Coccyzus erythropthalmus","Cuculiformes","Cuculidae","Coccyzus","erythropthalmus"
"GRRO","Greater Roadrunner","Geococcyx californianus","GEOCAL",172,3850,"Grand Géocoucou","Geococcyx californianus","Cuculiformes","Cuculidae","Geococcyx","californianus"
"SBAN","Smooth-billed Ani","Crotophaga ani","CROANI",173,3830,"Ani à bec lisse","Crotophaga ani","Cuculiformes","Cuculidae","Crotophaga","ani"
"GBAN","Groove-billed Ani","Crotophaga sulcirostris","CROSUL",174,3840,"Ani à bec cannelé","Crotophaga sulcirostris","Cuculiformes","Cuculidae","Crotophaga","sulcirostris"
"BLSW","Black Swift","Cypseloides niger","CYPNIG",195,4220,"Martinet sombre","Cypseloides niger","Apodiformes","Apodidae","Cypseloides","niger"
"CHSW","Chimney Swift","Chaetura pelagica","CHAPEL",200,4230,"Martinet ramoneur","Chaetura pelagica","Apodiformes","Apodidae","Chaetura","pelagica"
"VASW","Vaux's Swift","Chaetura vauxi","CHAVAU",201,4240,"Martinet de Vaux","Chaetura vauxi","Apodiformes","Apodidae","Chaetura","vauxi"
"WTSW","White-throated Swift","Aeronautes saxatalis","AERSAX",205,4250,"Martinet à gorge blanche","Aeronautes saxatalis","Apodiformes","Apodidae","Aeronautes","saxatalis"
"BTHH","Blue-throated Hummingbird","Lampornis clemenciae","LAMCLE",223,4270,"Colibri à gorge bleue","Lampornis clemenciae","Apodiformes","Trochilidae","Lampornis","clemenciae"
"LUHU","Lucifer Hummingbird","Calothorax lucifer","CALLUC",229,4370,"Colibri lucifer","Calothorax lucifer","Apodiformes","Trochilidae","Calothorax","lucifer"
"RTHU","Ruby-throated Hummingbird","Archilochus colubris","ARCCOL",231,4280,"Colibri à gorge rubis","Archilochus colubris","Apodiformes","Trochilidae","Archilochus","colubris"
"BCHU","Black-chinned Hummingbird","Archilochus alexandri","ARCALE",232,4290,"Colibri à gorge noire","Archilochus alexandri","Apodiformes","Trochilidae","Archilochus","alexandri"
"ANHU","Anna's Hummingbird","Calypte anna","CALANN",234,4310,"Colibri d'Anna","Calypte anna","Apodiformes","Trochilidae","Calypte","anna"
"COHU","Costa's Hummingbird","Calypte costae","CALCOS",235,4300,"Colibri de Costa","Calypte costae","Apodiformes","Trochilidae","Calypte","costae"
"BTAH","Broad-tailed Hummingbird","Selasphorus platycercus","SELPLA",238,4320,"Colibri à queue large","Selasphorus platycercus","Apodiformes","Trochilidae","Selasphorus","platycercus"
"RUHU","Rufous Hummingbird","Selasphorus rufus","SELRUF",239,4330,"Colibri roux","Selasphorus rufus","Apodiformes","Trochilidae","Selasphorus","rufus"
"ALHU","Allen's Hummingbird","Selasphorus sasin","SELSAS",240,4340,"Colibri d'Allen","Selasphorus sasin","Apodiformes","Trochilidae","Selasphorus","sasin"
"CAHU","Calliope Hummingbird","Selasphorus calliope","SELCAL",243,4360,"Colibri calliope","Selasphorus calliope","Apodiformes","Trochilidae","Selasphorus","calliope"
"BBIH","Broad-billed Hummingbird","Cynanthus latirostris","CYNLAT",248,4410,"Colibri circé","Cynanthus latirostris","Apodiformes","Trochilidae","Cynanthus","latirostris"
"BBEH","Buff-bellied Hummingbird","Amazilia yucatanensis","AMAYUC",264,4390,"Ariane du Yucatan","Amazilia yucatanensis","Apodiformes","Trochilidae","Amazilia","yucatanensis"
"VCHU","Violet-crowned Hummingbird","Amazilia violiceps","AMAVIO",266,4391,"Ariane à couronne violette","Amazilia violiceps","Apodiformes","Trochilidae","Amazilia","violiceps"
"PUSW","Purple Swamphen","Porphyrio porphyrio","PORPOP",290,21930,"Talève sultane","Porphyrio porphyrio","Gruiformes","Rallidae","Porphyrio","porphyrio"
"ELTR","Elegant Trogon","Trogon elegans","TROELE",700,3890,"Trogon élégant","Trogon elegans","Trogoniformes","Trogonidae","Trogon","elegans"
"LEWO","Lewis's Woodpecker","Melanerpes lewis","MELLEW",725,4080,"Pic de Lewis","Melanerpes lewis","Piciformes","Picidae","Melanerpes","lewis"
"RHWO","Red-headed Woodpecker","Melanerpes erythrocephalus","MELERY",726,4060,"Pic à tête rouge","Melanerpes erythrocephalus","Piciformes","Picidae","Melanerpes","erythrocephalus"
"ACWO","Acorn Woodpecker","Melanerpes formicivorus","MELFOR",727,4070,"Pic glandivore","Melanerpes formicivorus","Piciformes","Picidae","Melanerpes","formicivorus"
"GIWO","Gila Woodpecker","Melanerpes uropygialis","MELURO",732,4110,"Pic des saguaros","Melanerpes uropygialis","Piciformes","Picidae","Melanerpes","uropygialis"
"GFWO","Golden-fronted Woodpecker","Melanerpes aurifrons","MELAUR",733,4100,"Pic à front doré","Melanerpes aurifrons","Piciformes","Picidae","Melanerpes","aurifrons"
"RBWO","Red-bellied Woodpecker","Melanerpes carolinus","MELCAR",734,4090,"Pic à ventre roux","Melanerpes carolinus","Piciformes","Picidae","Melanerpes","carolinus"
"WISA","Williamson's Sapsucker","Sphyrapicus thyroideus","SPHTHY",735,4040,"Pic de Williamson","Sphyrapicus thyroideus","Piciformes","Picidae","Sphyrapicus","thyroideus"
"YBSA","Yellow-bellied Sapsucker","Sphyrapicus varius","SPHVAR",736,4020,"Pic maculé","Sphyrapicus varius","Piciformes","Picidae","Sphyrapicus","varius"
"RNSA","Red-naped Sapsucker","Sphyrapicus nuchalis","SPHNUC",737,4021,"Pic à nuque rouge","Sphyrapicus nuchalis","Piciformes","Picidae","Sphyrapicus","nuchalis"
"RBSA","Red-breasted Sapsucker","Sphyrapicus ruber","SPHRUB",738,4030,"Pic à poitrine rouge","Sphyrapicus ruber","Piciformes","Picidae","Sphyrapicus","ruber"
"ATTW","American Three-toed Woodpecker","Picoides dorsalis","PICDOR",750,4010,"Pic à dos rayé","Picoides dorsalis","Piciformes","Picidae","Picoides","dorsalis"
"BBWO","Black-backed Woodpecker","Picoides arcticus","PICARC",751,4000,"Pic à dos noir","Picoides arcticus","Piciformes","Picidae","Picoides","arcticus"
"DOWO","Downy Woodpecker","Dryobates pubescens","DRYPUB",743,3940,"Pic mineur","Picoides pubescens","Piciformes","Picidae","Picoides","pubescens"
"NUWO","Nuttall's Woodpecker","Dryobates nuttallii","DRYNUT",742,3970,"Pic de Nuttall","Picoides nuttallii","Piciformes","Picidae","Picoides","nuttallii"
"LBWO","Ladder-backed Woodpecker","Dryobates scalaris","DRYSCA",741,3960,"Pic arlequin","Picoides scalaris","Piciformes","Picidae","Picoides","scalaris"
"RCWO","Red-cockaded Woodpecker","Dryobates borealis","DRYBOR",748,3950,"Pic à face blanche","Picoides borealis","Piciformes","Picidae","Picoides","borealis"
"HAWO","Hairy Woodpecker","Dryobates villosus","DRYVIL",745,3930,"Pic chevelu","Picoides villosus","Piciformes","Picidae","Picoides","villosus"
"WHWO","White-headed Woodpecker","Dryobates albolarvatus","DRYALB",749,3990,"Pic à tête blanche","Picoides albolarvatus","Piciformes","Picidae","Picoides","albolarvatus"
"ARWO","Arizona Woodpecker","Dryobates arizonae","DRYARI",746,3975,"Pic d'Arizona","Picoides arizonae","Piciformes","Picidae","Picoides","arizonae"
"GIFL","Gilded Flicker","Colaptes chrysoides","COLCHR",758,4140,"Pic chrysoïde","Colaptes chrysoides","Piciformes","Picidae","Colaptes","chrysoides"
"PIWO","Pileated Woodpecker","Dryocopus pileatus","DRYPIL",761,4050,"Grand Pic","Dryocopus pileatus","Piciformes","Picidae","Dryocopus","pileatus"
"MOPA","Monk Parakeet","Myiopsitta monachus","MYIMON",780,3824,"Conure veuve","Myiopsitta monachus","Psittaciformes","Psittacidae","Myiopsitta","monachus"
"NAPA","Nanday Parakeet","Aratinga nenday","ARANEN",783,51830,"Conure nanday","Aratinga nenday","Psittaciformes","Psittacidae","Aratinga","nenday"
"RCPA","Red-crowned Parrot","Amazona viridigenalis","AMAVIG",803,3826,"Amazone à joues vertes","Amazona viridigenalis","Psittaciformes","Psittacidae","Amazona","viridigenalis"
"RRPA","Rose-ringed Parakeet","Psittacula krameri","PSIKRA",810,3823,"Perruche à collier","Psittacula krameri","Psittaciformes","Psittaculidae","Psittacula","krameri"
"BUDG","Budgerigar","Melopsittacus undulatus","MELUND",812,3822,"Perruche ondulée","Melopsittacus undulatus","Psittaciformes","Psittaculidae","Melopsittacus","undulatus"
"NOBT","Northern Beardless-Tyrannulet","Camptostoma imberbe","CAMIMB",845,4720,"Tyranneau imberbe","Camptostoma imberbe","Passeriformes","Tyrannidae","Camptostoma","imberbe"
"DCFL","Dusky-capped Flycatcher","Myiarchus tuberculifer","MYITUB",897,4550,"Tyran olivâtre","Myiarchus tuberculifer","Passeriformes","Tyrannidae","Myiarchus","tuberculifer"
"ATFL","Ash-throated Flycatcher","Myiarchus cinerascens","MYICIN",898,4540,"Tyran à gorge cendrée","Myiarchus cinerascens","Passeriformes","Tyrannidae","Myiarchus","cinerascens"
"GCFL","Great Crested Flycatcher","Myiarchus crinitus","MYICRI",900,4520,"Tyran huppé","Myiarchus crinitus","Passeriformes","Tyrannidae","Myiarchus","crinitus"
"BCFL","Brown-crested Flycatcher","Myiarchus tyrannulus","MYITYR",901,4530,"Tyran de Wied","Myiarchus tyrannulus","Passeriformes","Tyrannidae","Myiarchus","tyrannulus"
"GKIS","Great Kiskadee","Pitangus sulphuratus","PITSUL",904,4490,"Tyran quiquivi","Pitangus sulphuratus","Passeriformes","Tyrannidae","Pitangus","sulphuratus"
"SBFL","Sulphur-bellied Flycatcher","Myiodynastes luteiventris","MYILUT",908,4510,"Tyran tigré","Myiodynastes luteiventris","Passeriformes","Tyrannidae","Myiodynastes","luteiventris"
"TRKI","Tropical Kingbird","Tyrannus melancholicus","TYRMEL",912,4460,"Tyran mélancolique","Tyrannus melancholicus","Passeriformes","Tyrannidae","Tyrannus","melancholicus"
"COKI","Couch's Kingbird","Tyrannus couchii","TYRCOU",913,4461,"Tyran de Couch","Tyrannus couchii","Passeriformes","Tyrannidae","Tyrannus","couchii"
"CAKI","Cassin's Kingbird","Tyrannus vociferans","TYRVOC",915,4480,"Tyran de Cassin","Tyrannus vociferans","Passeriformes","Tyrannidae","Tyrannus","vociferans"
"TBKI","Thick-billed Kingbird","Tyrannus crassirostris","TYRCRA",916,4451,"Tyran à bec épais","Tyrannus crassirostris","Passeriformes","Tyrannidae","Tyrannus","crassirostris"
"WEKI","Western Kingbird","Tyrannus verticalis","TYRVER",917,4470,"Tyran de l'Ouest","Tyrannus verticalis","Passeriformes","Tyrannidae","Tyrannus","verticalis"
"EAKI","Eastern Kingbird","Tyrannus tyrannus","TYRTYR",918,4440,"Tyran tritri","Tyrannus tyrannus","Passeriformes","Tyrannidae","Tyrannus","tyrannus"
"GRAK","Gray Kingbird","Tyrannus dominicensis","TYRDOM",919,4450,"Tyran gris","Tyrannus dominicensis","Passeriformes","Tyrannidae","Tyrannus","dominicensis"
"STFL","Scissor-tailed Flycatcher","Tyrannus forficatus","TYRFOR",922,4430,"Tyran à longue queue","Tyrannus forficatus","Passeriformes","Tyrannidae","Tyrannus","forficatus"
"FTFL","Fork-tailed Flycatcher","Tyrannus savana","TYRSAV",923,4420,"Tyran des savanes","Tyrannus savana","Passeriformes","Tyrannidae","Tyrannus","savana"
"OSFL","Olive-sided Flycatcher","Contopus cooperi","CONCOO",866,4590,"Moucherolle à côtés olive","Contopus cooperi","Passeriformes","Tyrannidae","Contopus","cooperi"
"GRPE","Greater Pewee","Contopus pertinax","CONPER",867,4600,"Moucherolle de Coues","Contopus pertinax","Passeriformes","Tyrannidae","Contopus","pertinax"
"WEWP","Western Wood-Pewee","Contopus sordidulus","CONSOR",868,4620,"Pioui de l'Ouest","Contopus sordidulus","Passeriformes","Tyrannidae","Contopus","sordidulus"
"EAWP","Eastern Wood-Pewee","Contopus virens","CONVIR",869,4610,"Pioui de l'Est","Contopus virens","Passeriformes","Tyrannidae","Contopus","virens"
"YBFL","Yellow-bellied Flycatcher","Empidonax flaviventris","EMPFLT",872,4630,"Moucherolle à ventre jaune","Empidonax flaviventris","Passeriformes","Tyrannidae","Empidonax","flaviventris"
"ACFL","Acadian Flycatcher","Empidonax virescens","EMPVIR",873,4650,"Moucherolle vert","Empidonax virescens","Passeriformes","Tyrannidae","Empidonax","virescens"
"ALFL","Alder Flycatcher","Empidonax alnorum","EMPALN",874,4661,"Moucherolle des aulnes","Empidonax alnorum","Passeriformes","Tyrannidae","Empidonax","alnorum"
"WIFL","Willow Flycatcher","Empidonax traillii","EMPTRA",875,4660,"Moucherolle des saules","Empidonax traillii","Passeriformes","Tyrannidae","Empidonax","traillii"
"LEFL","Least Flycatcher","Empidonax minimus","EMPMIN",878,4670,"Moucherolle tchébec","Empidonax minimus","Passeriformes","Tyrannidae","Empidonax","minimus"
"HAFL","Hammond's Flycatcher","Empidonax hammondii","EMPHAM",879,4680,"Moucherolle de Hammond","Empidonax hammondii","Passeriformes","Tyrannidae","Empidonax","hammondii"
"GRFL","Gray Flycatcher","Empidonax wrightii","EMPWRI",880,4691,"Moucherolle gris","Empidonax wrightii","Passeriformes","Tyrannidae","Empidonax","wrightii"
"DUFL","Dusky Flycatcher","Empidonax oberholseri","EMPOBE",881,4690,"Moucherolle sombre","Empidonax oberholseri","Passeriformes","Tyrannidae","Empidonax","oberholseri"
"PSFL","Pacific-slope Flycatcher","Empidonax difficilis","EMPDIF",884,4641,"Moucherolle côtier","Empidonax difficilis","Passeriformes","Tyrannidae","Empidonax","difficilis"
"COFL","Cordilleran Flycatcher","Empidonax occidentalis","EMPOCC",885,4640,"Moucherolle des ravins","Empidonax occidentalis","Passeriformes","Tyrannidae","Empidonax","occidentalis"
"BBFL","Buff-breasted Flycatcher","Empidonax fulvifrons","EMPFUL",888,4700,"Moucherolle beige","Empidonax fulvifrons","Passeriformes","Tyrannidae","Empidonax","fulvifrons"
"BLPH","Black Phoebe","Sayornis nigricans","SAYNIG",890,4580,"Moucherolle noir","Sayornis nigricans","Passeriformes","Tyrannidae","Sayornis","nigricans"
"EAPH","Eastern Phoebe","Sayornis phoebe","SAYPHO",891,4560,"Moucherolle phébi","Sayornis phoebe","Passeriformes","Tyrannidae","Sayornis","phoebe"
"SAPH","Say's Phoebe","Sayornis saya","SAYSAY",892,4570,"Moucherolle à ventre roux","Sayornis saya","Passeriformes","Tyrannidae","Sayornis","saya"
"VEFL","Vermilion Flycatcher","Pyrocephalus rubinus","PYRRUB",893,4710,"Moucherolle vermillon","Pyrocephalus rubinus","Passeriformes","Tyrannidae","Pyrocephalus","rubinus"
"LOSH","Loggerhead Shrike","Lanius ludovicianus","LANLUD",938,6220,"Pie-grièche migratrice","Lanius ludovicianus","Passeriformes","Laniidae","Lanius","ludovicianus"
"NSHR","Northern Shrike","Lanius borealis","LANBOR",939,6210,"Pie-grièche grise","Lanius excubitor","Passeriformes","Laniidae","Lanius","excubitor"
"BCVI","Black-capped Vireo","Vireo atricapilla","VIRATR",947,6300,"Viréo à tête noire","Vireo atricapilla","Passeriformes","Vireonidae","Vireo","atricapilla"
"WEVI","White-eyed Vireo","Vireo griseus","VIRGRI",949,6310,"Viréo aux yeux blancs","Vireo griseus","Passeriformes","Vireonidae","Vireo","griseus"
"BEVI","Bell's Vireo","Vireo bellii","VIRBEL",954,6330,"Viréo de Bell","Vireo bellii","Passeriformes","Vireonidae","Vireo","bellii"
"GRVI","Gray Vireo","Vireo vicinior","VIRVIC",955,6340,"Viréo gris","Vireo vicinior","Passeriformes","Vireonidae","Vireo","vicinior"
"HUVI","Hutton's Vireo","Vireo huttoni","VIRHUT",956,6320,"Viréo de Hutton","Vireo huttoni","Passeriformes","Vireonidae","Vireo","huttoni"
"YTVI","Yellow-throated Vireo","Vireo flavifrons","VIRFLF",957,6280,"Viréo à gorge jaune","Vireo flavifrons","Passeriformes","Vireonidae","Vireo","flavifrons"
"CAVI","Cassin's Vireo","Vireo cassinii","VIRCAS",958,6291,"Viréo de Cassin","Vireo cassinii","Passeriformes","Vireonidae","Vireo","cassinii"
"BHVI","Blue-headed Vireo","Vireo solitarius","VIRSOL",959,6290,"Viréo à tête bleue","Vireo solitarius","Passeriformes","Vireonidae","Vireo","solitarius"
"PLVI","Plumbeous Vireo","Vireo plumbeus","VIRPLU",962,6292,"Viréo plombé","Vireo plumbeus","Passeriformes","Vireonidae","Vireo","plumbeus"
"PHVI","Philadelphia Vireo","Vireo philadelphicus","VIRPHI",963,6260,"Viréo de Philadelphie","Vireo philadelphicus","Passeriformes","Vireonidae","Vireo","philadelphicus"
"WAVI","Warbling Vireo","Vireo gilvus","VIRGIL",964,6270,"Viréo mélodieux","Vireo gilvus","Passeriformes","Vireonidae","Vireo","gilvus"
"REVI","Red-eyed Vireo","Vireo olivaceus","VIROLI",966,6240,"Viréo aux yeux rouges","Vireo olivaceus","Passeriformes","Vireonidae","Vireo","olivaceus"
"BWVI","Black-whiskered Vireo","Vireo altiloquus","VIRALT",968,6230,"Viréo à moustaches","Vireo altiloquus","Passeriformes","Vireonidae","Vireo","altiloquus"
"GRJA","Green Jay","Cyanocorax yncas","CYAYNC",979,4830,"Geai vert","Cyanocorax yncas","Passeriformes","Corvidae","Cyanocorax","yncas"
"PIJA","Pinyon Jay","Gymnorhinus cyanocephalus","GYMCYA",983,4920,"Geai des pinèdes","Gymnorhinus cyanocephalus","Passeriformes","Corvidae","Gymnorhinus","cyanocephalus"
"STJA","Steller's Jay","Cyanocitta stelleri","CYASTE",984,4780,"Geai de Steller","Cyanocitta stelleri","Passeriformes","Corvidae","Cyanocitta","stelleri"
"BLJA","Blue Jay","Cyanocitta cristata","CYACRI",985,4770,"Geai bleu","Cyanocitta cristata","Passeriformes","Corvidae","Cyanocitta","cristata"
"FLSJ","Florida Scrub-Jay","Aphelocoma coerulescens","APHCOE",986,4790,"Geai à gorge blanche","Aphelocoma coerulescens","Passeriformes","Corvidae","Aphelocoma","coerulescens"
"ISSJ","Island Scrub-Jay","Aphelocoma insularis","APHINS",987,4811,"Geai de Santa Cruz","Aphelocoma insularis","Passeriformes","Corvidae","Aphelocoma","insularis"
"CASJ","California Scrub-Jay","Aphelocoma californica","APHCAL",988,4812,"Geai buissonnier","Aphelocoma californica","Passeriformes","Corvidae","Aphelocoma","californica"
"WOSJ","Woodhouse's Scrub-Jay","Aphelocoma woodhouseii","APHWOO",989,4813,"Geai de Woodhouse","Aphelocoma woodhouseii","Passeriformes","Corvidae","Aphelocoma","woodhouseii"
"MEJA","Mexican Jay","Aphelocoma wollweberi","APHWOL",992,4820,"Geai du Mexique","Aphelocoma wollweberi","Passeriformes","Corvidae","Aphelocoma","wollweberi"
"CLNU","Clark's Nutcracker","Nucifraga columbiana","NUCCOL",994,4910,"Cassenoix d'Amérique","Nucifraga columbiana","Passeriformes","Corvidae","Nucifraga","columbiana"
"BBMA","Black-billed Magpie","Pica hudsonia","PICHUD",995,4750,"Pie d'Amérique","Pica hudsonia","Passeriformes","Corvidae","Pica","hudsonia"
"YBMA","Yellow-billed Magpie","Pica nuttalli","PICNUT",996,4760,"Pie à bec jaune","Pica nuttalli","Passeriformes","Corvidae","Pica","nuttalli"
"AMCR","American Crow","Corvus brachyrhynchos","CORBRA",998,4880,"Corneille d'Amérique","Corvus brachyrhynchos","Passeriformes","Corvidae","Corvus","brachyrhynchos"
"NOCR","Northwestern Crow","Corvus caurinus","CORCAU",999,4890,"Corneille d'Alaska","Corvus caurinus","Passeriformes","Corvidae","Corvus","caurinus"
"FICR","Fish Crow","Corvus ossifragus","COROSS",1002,4900,"Corneille de rivage","Corvus ossifragus","Passeriformes","Corvidae","Corvus","ossifragus"
"CHRA","Chihuahuan Raven","Corvus cryptoleucus","CORCRY",1005,4870,"Corbeau à cou blanc","Corvus cryptoleucus","Passeriformes","Corvidae","Corvus","cryptoleucus"
"CORA","Common Raven","Corvus corax","CORCOX",1006,4860,"Grand Corbeau","Corvus corax","Passeriformes","Corvidae","Corvus","corax"
"EUSK","Eurasian Skylark","Alauda arvensis","ALAARV",1008,4730,"Alouette des champs","Alauda arvensis","Passeriformes","Alaudidae","Alauda","arvensis"
"HOLA","Horned Lark","Eremophila alpestris","EREALP",1009,4740,"Alouette hausse-col","Eremophila alpestris","Passeriformes","Alaudidae","Eremophila","alpestris"
"PUMA","Purple Martin","Progne subis","PROSUB",1010,6110,"Hirondelle noire","Progne subis","Passeriformes","Hirundinidae","Progne","subis"
"TRES","Tree Swallow","Tachycineta bicolor","TACBIC",1016,6140,"Hirondelle bicolore","Tachycineta bicolor","Passeriformes","Hirundinidae","Tachycineta","bicolor"
"VGSW","Violet-green Swallow","Tachycineta thalassina","TACTHA",1018,6150,"Hirondelle à face blanche","Tachycineta thalassina","Passeriformes","Hirundinidae","Tachycineta","thalassina"
"NRWS","Northern Rough-winged Swallow","Stelgidopteryx serripennis","STESER",1022,6170,"Hirondelle à ailes hérissées","Stelgidopteryx serripennis","Passeriformes","Hirundinidae","Stelgidopteryx","serripennis"
"BANS","Bank Swallow","Riparia riparia","RIPRIP",1024,6160,"Hirondelle de rivage","Riparia riparia","Passeriformes","Hirundinidae","Riparia","riparia"
"CLSW","Cliff Swallow","Petrochelidon pyrrhonota","PETPYR",1025,6120,"Hirondelle à front blanc","Petrochelidon pyrrhonota","Passeriformes","Hirundinidae","Petrochelidon","pyrrhonota"
"CASW","Cave Swallow","Petrochelidon fulva","PETFUL",1026,6121,"Hirondelle à front brun","Petrochelidon fulva","Passeriformes","Hirundinidae","Petrochelidon","fulva"
"BARS","Barn Swallow","Hirundo rustica","HIRRUS",1028,6130,"Hirondelle rustique","Hirundo rustica","Passeriformes","Hirundinidae","Hirundo","rustica"
"CACH","Carolina Chickadee","Poecile carolinensis","POECAR",1030,7360,"Mésange de Caroline","Poecile carolinensis","Passeriformes","Paridae","Poecile","carolinensis"
"BCCH","Black-capped Chickadee","Poecile atricapillus","POEATR",1031,7350,"Mésange à tête noire","Poecile atricapillus","Passeriformes","Paridae","Poecile","atricapillus"
"MOCH","Mountain Chickadee","Poecile gambeli","POEGAM",1032,7380,"Mésange de Gambel","Poecile gambeli","Passeriformes","Paridae","Poecile","gambeli"
"MECH","Mexican Chickadee","Poecile sclateri","POESCL",1033,7370,"Mésange grise","Poecile sclateri","Passeriformes","Paridae","Poecile","sclateri"
"CBCH","Chestnut-backed Chickadee","Poecile rufescens","POERUF",1034,7410,"Mésange à dos marron","Poecile rufescens","Passeriformes","Paridae","Poecile","rufescens"
"BOCH","Boreal Chickadee","Poecile hudsonicus","POEHUD",1035,7400,"Mésange à tête brune","Poecile hudsonicus","Passeriformes","Paridae","Poecile","hudsonicus"
"BRTI","Bridled Titmouse","Baeolophus wollweberi","BAEWOL",1041,7340,"Mésange arlequin","Baeolophus wollweberi","Passeriformes","Paridae","Baeolophus","wollweberi"
"OATI","Oak Titmouse","Baeolophus inornatus","BAEINO",1042,7330,"Mésange unicolore","Baeolophus inornatus","Passeriformes","Paridae","Baeolophus","inornatus"
"JUTI","Juniper Titmouse","Baeolophus ridgwayi","BAERID",1043,7331,"Mésange des genévriers","Baeolophus ridgwayi","Passeriformes","Paridae","Baeolophus","ridgwayi"
"TUTI","Tufted Titmouse","Baeolophus bicolor","BAEBIC",1045,7310,"Mésange bicolore","Baeolophus bicolor","Passeriformes","Paridae","Baeolophus","bicolor"
"BCTI","Black-crested Titmouse","Baeolophus atricristatus","BAEATR",1046,7320,"Mésange à plumet noir","Baeolophus atricristatus","Passeriformes","Paridae","Baeolophus","atricristatus"
"VERD","Verdin","Auriparus flaviceps","AURFLA",1048,7460,"Auripare verdin","Auriparus flaviceps","Passeriformes","Remizidae","Auriparus","flaviceps"
"BUSH","Bushtit","Psaltriparus minimus","PSAMIN",1049,7430,"Mésange buissonnière","Psaltriparus minimus","Passeriformes","Aegithalidae","Psaltriparus","minimus"
"RBNU","Red-breasted Nuthatch","Sitta canadensis","SITCAN",1050,7280,"Sittelle à poitrine rousse","Sitta canadensis","Passeriformes","Sittidae","Sitta","canadensis"
"WBNU","White-breasted Nuthatch","Sitta carolinensis","SITCAR",1051,7270,"Sittelle à poitrine blanche","Sitta carolinensis","Passeriformes","Sittidae","Sitta","carolinensis"
"PYNU","Pygmy Nuthatch","Sitta pygmaea","SITPYG",1052,7300,"Sittelle pygmée","Sitta pygmaea","Passeriformes","Sittidae","Sitta","pygmaea"
"BHNU","Brown-headed Nuthatch","Sitta pusilla","SITPUS",1053,7290,"Sittelle à tête brune","Sitta pusilla","Passeriformes","Sittidae","Sitta","pusilla"
"BRCR","Brown Creeper","Certhia americana","CERAME",1054,7260,"Grimpereau brun","Certhia americana","Passeriformes","Certhiidae","Certhia","americana"
"ROWR","Rock Wren","Salpinctes obsoletus","SALOBS",1055,7150,"Troglodyte des rochers","Salpinctes obsoletus","Passeriformes","Troglodytidae","Salpinctes","obsoletus"
"CANW","Canyon Wren","Catherpes mexicanus","CAPMEX",1057,7170,"Troglodyte des canyons","Catherpes mexicanus","Passeriformes","Troglodytidae","Catherpes","mexicanus"
"HOWR","House Wren","Troglodytes aedon","TROAED",1060,7210,"Troglodyte familier","Troglodytes aedon","Passeriformes","Troglodytidae","Troglodytes","aedon"
"PAWR","Pacific Wren","Troglodytes pacificus","TROPAC",1064,7221,"Troglodyte de Baird","Troglodytes pacificus","Passeriformes","Troglodytidae","Troglodytes","pacificus"
"WIWR","Winter Wren","Troglodytes hiemalis","TROHIE",1065,7222,"Troglodyte des forêts","Troglodytes hiemalis","Passeriformes","Troglodytidae","Troglodytes","hiemalis"
"SEWR","Sedge Wren","Cistothorus platensis","CISPLA",1067,7240,"Troglodyte à bec court","Cistothorus platensis","Passeriformes","Troglodytidae","Cistothorus","platensis"
"MAWR","Marsh Wren","Cistothorus palustris","CISPAL",1068,7250,"Troglodyte des marais","Cistothorus palustris","Passeriformes","Troglodytidae","Cistothorus","palustris"
"CARW","Carolina Wren","Thryothorus ludovicianus","THRLUD",1069,7180,"Troglodyte de Caroline","Thryothorus ludovicianus","Passeriformes","Troglodytidae","Thryothorus","ludovicianus"
"BEWR","Bewick's Wren","Thryomanes bewickii","THRBEW",1070,7190,"Troglodyte de Bewick","Thryomanes bewickii","Passeriformes","Troglodytidae","Thryomanes","bewickii"
"CACW","Cactus Wren","Campylorhynchus brunneicapillus","CAMBRU",1078,7130,"Troglodyte des cactus","Campylorhynchus brunneicapillus","Passeriformes","Troglodytidae","Campylorhynchus","brunneicapillus"
"SIWR","Sinaloa Wren","Thryophilus sinaloa","THRSIN",1082,16600,"Troglodyte du Sinaloa","Thryophilus sinaloa","Passeriformes","Troglodytidae","Thryophilus","sinaloa"
"BGGN","Blue-gray Gnatcatcher","Polioptila caerulea","POLCAE",1089,7510,"Gobemoucheron gris-bleu","Polioptila caerulea","Passeriformes","Polioptilidae","Polioptila","caerulea"
"CAGN","California Gnatcatcher","Polioptila californica","POLCAL",1090,7530,"Gobemoucheron de Californie","Polioptila californica","Passeriformes","Polioptilidae","Polioptila","californica"
"BTGN","Black-tailed Gnatcatcher","Polioptila melanura","POLMEL",1091,7520,"Gobemoucheron à queue noire","Polioptila melanura","Passeriformes","Polioptilidae","Polioptila","melanura"
"GCKI","Golden-crowned Kinglet","Regulus satrapa","REGSAT",1099,7480,"Roitelet à couronne dorée","Regulus satrapa","Passeriformes","Regulidae","Regulus","satrapa"
"RCKI","Ruby-crowned Kinglet","Regulus calendula","REGCAL",1100,7490,"Roitelet à couronne rubis","Regulus calendula","Passeriformes","Regulidae","Regulus","calendula"
"ARWA","Arctic Warbler","Phylloscopus borealis","PHYBOR",1107,7470,"Pouillot boréal","Phylloscopus borealis","Passeriformes","Phylloscopidae","Phylloscopus","borealis"
"WREN","Wrentit","Chamaea fasciata","CHAFAS",1110,7420,"Cama brune","Chamaea fasciata","Passeriformes","Sylviidae","Chamaea","fasciata"
"BLUE","Bluethroat","Cyanecula svecica","CYASVE",1120,7640,"Gorgebleue à miroir","Luscinia svecica","Passeriformes","Muscicapidae","Luscinia","svecica"
"NOWH","Northern Wheatear","Oenanthe oenanthe","OENOEN",1127,7650,"Traquet motteux","Oenanthe oenanthe","Passeriformes","Muscicapidae","Oenanthe","oenanthe"
"EABL","Eastern Bluebird","Sialia sialis","SIASIA",1129,7660,"Merlebleu de l'Est","Sialia sialis","Passeriformes","Turdidae","Sialia","sialis"
"WEBL","Western Bluebird","Sialia mexicana","SIAMEX",1130,7670,"Merlebleu de l'Ouest","Sialia mexicana","Passeriformes","Turdidae","Sialia","mexicana"
"MOBL","Mountain Bluebird","Sialia currucoides","SIACUR",1131,7680,"Merlebleu azuré","Sialia currucoides","Passeriformes","Turdidae","Sialia","currucoides"
"TOSO","Townsend's Solitaire","Myadestes townsendi","MYATOW",1132,7540,"Solitaire de Townsend","Myadestes townsendi","Passeriformes","Turdidae","Myadestes","townsendi"
"VEER","Veery","Catharus fuscescens","CATFUN",1140,7560,"Grive fauve","Catharus fuscescens","Passeriformes","Turdidae","Catharus","fuscescens"
"GCTH","Gray-cheeked Thrush","Catharus minimus","CATMIN",1141,7570,"Grive à joues grises","Catharus minimus","Passeriformes","Turdidae","Catharus","minimus"
"BITH","Bicknell's Thrush","Catharus bicknelli","CATBIC",1142,7571,"Grive de Bicknell","Catharus bicknelli","Passeriformes","Turdidae","Catharus","bicknelli"
"SWTH","Swainson's Thrush","Catharus ustulatus","CATUST",1143,7580,"Grive à dos olive","Catharus ustulatus","Passeriformes","Turdidae","Catharus","ustulatus"
"HETH","Hermit Thrush","Catharus guttatus","CATGUT",1144,7590,"Grive solitaire","Catharus guttatus","Passeriformes","Turdidae","Catharus","guttatus"
"WOTH","Wood Thrush","Hylocichla mustelina","HYLMUS",1145,7550,"Grive des bois","Hylocichla mustelina","Passeriformes","Turdidae","Hylocichla","mustelina"
"AMRO","American Robin","Turdus migratorius","TURMIG",1158,7610,"Merle d'Amérique","Turdus migratorius","Passeriformes","Turdidae","Turdus","migratorius"
"VATH","Varied Thrush","Ixoreus naevius","IXONAE",1160,7630,"Grive à collier","Ixoreus naevius","Passeriformes","Turdidae","Ixoreus","naevius"
"GRCA","Gray Catbird","Dumetella carolinensis","DUMCAR",1165,7040,"Moqueur chat","Dumetella carolinensis","Passeriformes","Mimidae","Dumetella","carolinensis"
"CBTH","Curve-billed Thrasher","Toxostoma curvirostre","TOXCUR",1166,7070,"Moqueur à bec courbe","Toxostoma curvirostre","Passeriformes","Mimidae","Toxostoma","curvirostre"
"BRTH","Brown Thrasher","Toxostoma rufum","TOXRUF",1168,7050,"Moqueur roux","Toxostoma rufum","Passeriformes","Mimidae","Toxostoma","rufum"
"LBTH","Long-billed Thrasher","Toxostoma longirostre","TOXLON",1169,7060,"Moqueur à long bec","Toxostoma longirostre","Passeriformes","Mimidae","Toxostoma","longirostre"
"BETH","Bendire's Thrasher","Toxostoma bendirei","TOXBEN",1171,7080,"Moqueur de Bendire","Toxostoma bendirei","Passeriformes","Mimidae","Toxostoma","bendirei"
"CATH","California Thrasher","Toxostoma redivivum","TOXRED",1173,7100,"Moqueur de Californie","Toxostoma redivivum","Passeriformes","Mimidae","Toxostoma","redivivum"
"CRTH","Crissal Thrasher","Toxostoma crissale","TOXCRI",1175,7120,"Moqueur cul-roux","Toxostoma crissale","Passeriformes","Mimidae","Toxostoma","crissale"
"SATH","Sage Thrasher","Oreoscoptes montanus","OREMON",1176,7020,"Moqueur des armoises","Oreoscoptes montanus","Passeriformes","Mimidae","Oreoscoptes","montanus"
"BAMO","Bahama Mockingbird","Mimus gundlachii","MIMGUN",1177,7031,"Moqueur des Bahamas","Mimus gundlachii","Passeriformes","Mimidae","Mimus","gundlachii"
"NOMO","Northern Mockingbird","Mimus polyglottos","MIMPOL",1180,7030,"Moqueur polyglotte","Mimus polyglottos","Passeriformes","Mimidae","Mimus","polyglottos"
"EUST","European Starling","Sturnus vulgaris","STUVUL",1181,4930,"Étourneau sansonnet","Sturnus vulgaris","Passeriformes","Sturnidae","Sturnus","vulgaris"
"COMY","Common Myna","Acridotheres tristis","ACRTRI",1182,4932,"Martin triste","Acridotheres tristis","Passeriformes","Sturnidae","Acridotheres","tristis"
"BOWA","Bohemian Waxwing","Bombycilla garrulus","BOMGAR",1184,6180,"Jaseur boréal","Bombycilla garrulus","Passeriformes","Bombycillidae","Bombycilla","garrulus"
"CEDW","Cedar Waxwing","Bombycilla cedrorum","BOMCED",1185,6190,"Jaseur d'Amérique","Bombycilla cedrorum","Passeriformes","Bombycillidae","Bombycilla","cedrorum"
"PHAI","Phainopepla","Phainopepla nitens","PHANIT",1188,6200,"Phénopèple luisant","Phainopepla nitens","Passeriformes","Ptiliogonatidae","Phainopepla","nitens"
"OLWA","Olive Warbler","Peucedramus taeniatus","PEUTAE",1189,6510,"Fauvine des pins","Peucedramus taeniatus","Passeriformes","Peucedramidae","Peucedramus","taeniatus"
"NRBI","Northern Red Bishop","Euplectes franciscanus","EUPFRA",1191,19500,"Euplecte franciscain","Euplectes franciscanus","Passeriformes","Ploceidae","Euplectes","franciscanus"
"HOSP","House Sparrow","Passer domesticus","PASDOM",1195,6882,"Moineau domestique","Passer domesticus","Passeriformes","Passeridae","Passer","domesticus"
"ETSP","Eurasian Tree Sparrow","Passer montanus","PASMON",1196,6883,"Moineau friquet","Passer montanus","Passeriformes","Passeridae","Passer","montanus"
"EYWA","Eastern Yellow Wagtail","Motacilla tschutschensis","MOTTSC",1197,6960,"Bergeronnette de Béringie","Motacilla tschutschensis","Passeriformes","Motacillidae","Motacilla","tschutschensis"
"WHWA","White Wagtail","Motacilla alba","MOTALB",1200,6940,"Bergeronnette grise","Motacilla alba","Passeriformes","Motacillidae","Motacilla","alba"
"RTPI","Red-throated Pipit","Anthus cervinus","ANTCER",1204,6990,"Pipit à gorge rousse","Anthus cervinus","Passeriformes","Motacillidae","Anthus","cervinus"
"AMPI","American Pipit","Anthus rubescens","ANTRUB",1205,6970,"Pipit d'Amérique","Anthus rubescens","Passeriformes","Motacillidae","Anthus","rubescens"
"SPPI","Sprague's Pipit","Anthus spragueii","ANTSPR",1206,7000,"Pipit de Sprague","Anthus spragueii","Passeriformes","Motacillidae","Anthus","spragueii"
"EVGR","Evening Grosbeak","Coccothraustes vespertinus","COCVES",1243,5140,"Gros-bec errant","Coccothraustes vespertinus","Passeriformes","Fringillidae","Coccothraustes","vespertinus"
"PIGR","Pine Grosbeak","Pinicola enucleator","PINENU",1219,5150,"Durbec des sapins","Pinicola enucleator","Passeriformes","Fringillidae","Pinicola","enucleator"
"GCRF","Gray-crowned Rosy-Finch","Leucosticte tephrocotis","LEUTEP",1216,5240,"Roselin à tête grise","Leucosticte tephrocotis","Passeriformes","Fringillidae","Leucosticte","tephrocotis"
"BLRF","Black Rosy-Finch","Leucosticte atrata","LEUATT",1217,5250,"Roselin noir","Leucosticte atrata","Passeriformes","Fringillidae","Leucosticte","atrata"
"BCRF","Brown-capped Rosy-Finch","Leucosticte australis","LEUAUS",1218,5260,"Roselin à tête brune","Leucosticte australis","Passeriformes","Fringillidae","Leucosticte","australis"
"HOFI","House Finch","Haemorhous mexicanus","HAEMEX",1222,5190,"Roselin familier","Haemorhous mexicanus","Passeriformes","Fringillidae","Haemorhous","mexicanus"
"PUFI","Purple Finch","Haemorhous purpureus","HAEPUR",1223,5170,"Roselin pourpré","Haemorhous purpureus","Passeriformes","Fringillidae","Haemorhous","purpureus"
"CAFI","Cassin's Finch","Haemorhous cassinii","HAECAS",1224,5180,"Roselin de Cassin","Haemorhous cassinii","Passeriformes","Fringillidae","Haemorhous","cassinii"
"CORE","Common Redpoll","Acanthis flammea","ACAFLA",1229,5280,"Sizerin flammé","Acanthis flammea","Passeriformes","Fringillidae","Acanthis","flammea"
"HORE","Hoary Redpoll","Acanthis hornemanni","ACAHOR",1230,5270,"Sizerin blanchâtre","Acanthis hornemanni","Passeriformes","Fringillidae","Acanthis","hornemanni"
"RECR","Red Crossbill","Loxia curvirostra","LOXCUR",1226,5210,"Bec-croisé des sapins","Loxia curvirostra","Passeriformes","Fringillidae","Loxia","curvirostra"
"WWCR","White-winged Crossbill","Loxia leucoptera","LOXLEU",1227,5220,"Bec-croisé bifascié","Loxia leucoptera","Passeriformes","Fringillidae","Loxia","leucoptera"
"PISI","Pine Siskin","Spinus pinus","SPIPIN",1233,5330,"Tarin des pins","Spinus pinus","Passeriformes","Fringillidae","Spinus","pinus"
"LEGO","Lesser Goldfinch","Spinus psaltria","SPIPSA",1236,5300,"Chardonneret mineur","Spinus psaltria","Passeriformes","Fringillidae","Spinus","psaltria"
"LAGO","Lawrence's Goldfinch","Spinus lawrencei","SPILAW",1237,5310,"Chardonneret gris","Spinus lawrencei","Passeriformes","Fringillidae","Spinus","lawrencei"
"AMGO","American Goldfinch","Spinus tristis","SPITRI",1238,5290,"Chardonneret jaune","Spinus tristis","Passeriformes","Fringillidae","Spinus","tristis"
"LALO","Lapland Longspur","Calcarius lapponicus","CALLAP",1245,5360,"Plectrophane lapon","Calcarius lapponicus","Passeriformes","Calcariidae","Calcarius","lapponicus"
"CCLO","Chestnut-collared Longspur","Calcarius ornatus","CALORN",1246,5380,"Plectrophane à ventre noir","Calcarius ornatus","Passeriformes","Calcariidae","Calcarius","ornatus"
"SMLO","Smith's Longspur","Calcarius pictus","CALPIC",1247,5370,"Plectrophane de Smith","Calcarius pictus","Passeriformes","Calcariidae","Calcarius","pictus"
"MCLO","McCown's Longspur","Rhynchophanes mccownii","RHYMCC",1248,5390,"Plectrophane de McCown","Rhynchophanes mccownii","Passeriformes","Calcariidae","Rhynchophanes","mccownii"
"SNBU","Snow Bunting","Plectrophenax nivalis","PLENIV",1249,5340,"Plectrophane des neiges","Plectrophenax nivalis","Passeriformes","Calcariidae","Plectrophenax","nivalis"
"OLSP","Olive Sparrow","Arremonops rufivirgatus","ARRRUF",1352,5860,"Tohi olive","Arremonops rufivirgatus","Passeriformes","Emberizidae","Arremonops","rufivirgatus"
"GTTO","Green-tailed Towhee","Pipilo chlorurus","PIPCHL",1357,5900,"Tohi à queue verte","Pipilo chlorurus","Passeriformes","Emberizidae","Pipilo","chlorurus"
"SPTO","Spotted Towhee","Pipilo maculatus","PIPMAC",1358,5880,"Tohi tacheté","Pipilo maculatus","Passeriformes","Emberizidae","Pipilo","maculatus"
"EATO","Eastern Towhee","Pipilo erythrophthalmus","PIPERY",1359,5870,"Tohi à flancs roux","Pipilo erythrophthalmus","Passeriformes","Emberizidae","Pipilo","erythrophthalmus"
"RCSP","Rufous-crowned Sparrow","Aimophila ruficeps","AIMRUP",1362,5800,"Tohi à calotte fauve","Aimophila ruficeps","Passeriformes","Emberizidae","Aimophila","ruficeps"
"CANT","Canyon Towhee","Melozone fusca","MEZFUS",1367,5910,"Tohi des canyons","Melozone fusca","Passeriformes","Emberizidae","Melozone","fusca"
"CALT","California Towhee","Melozone crissalis","MELCRI",1369,5911,"Tohi de Californie","Melozone crissalis","Passeriformes","Emberizidae","Melozone","crissalis"
"ABTO","Abert's Towhee","Melozone aberti","MELABE",1370,5920,"Tohi d'Abert","Melozone aberti","Passeriformes","Emberizidae","Melozone","aberti"
"RWSP","Rufous-winged Sparrow","Peucaea carpalis","PEUCAR",1372,5790,"Bruant à épaulettes","Peucaea carpalis","Passeriformes","Emberizidae","Peucaea","carpalis"
"BOSP","Botteri's Sparrow","Peucaea botterii","PEUBOT",1376,5760,"Bruant de Botteri","Peucaea botterii","Passeriformes","Emberizidae","Peucaea","botterii"
"CASP","Cassin's Sparrow","Peucaea cassinii","PEUCAS",1377,5780,"Bruant de Cassin","Peucaea cassinii","Passeriformes","Emberizidae","Peucaea","cassinii"
"BACS","Bachman's Sparrow","Peucaea aestivalis","PEUAES",1378,5750,"Bruant des pinèdes","Peucaea aestivalis","Passeriformes","Emberizidae","Peucaea","aestivalis"
"ATSP","American Tree Sparrow","Spizelloides arborea","SPIARB",1380,5590,"Bruant hudsonien","Spizelloides arborea","Passeriformes","Emberizidae","Spizelloides","arborea"
"CHSP","Chipping Sparrow","Spizella passerina","SPIPAS",1381,5600,"Bruant familier","Spizella passerina","Passeriformes","Emberizidae","Spizella","passerina"
"CCSP","Clay-colored Sparrow","Spizella pallida","SPIPAL",1382,5610,"Bruant des plaines","Spizella pallida","Passeriformes","Emberizidae","Spizella","pallida"
"BRSP","Brewer's Sparrow","Spizella breweri","SPIBRE",1383,5620,"Bruant de Brewer","Spizella breweri","Passeriformes","Emberizidae","Spizella","breweri"
"FISP","Field Sparrow","Spizella pusilla","SPIPUS",1384,5630,"Bruant des champs","Spizella pusilla","Passeriformes","Emberizidae","Spizella","pusilla"
"BCSP","Black-chinned Sparrow","Spizella atrogularis","SPIATG",1386,5650,"Bruant à menton noir","Spizella atrogularis","Passeriformes","Emberizidae","Spizella","atrogularis"
"VESP","Vesper Sparrow","Pooecetes gramineus","POOGRA",1387,5400,"Bruant vespéral","Pooecetes gramineus","Passeriformes","Emberizidae","Pooecetes","gramineus"
"LASP","Lark Sparrow","Chondestes grammacus","CHOGRA",1388,5520,"Bruant à joues marron","Chondestes grammacus","Passeriformes","Emberizidae","Chondestes","grammacus"
"BTSP","Black-throated Sparrow","Amphispiza bilineata","AMPBIL",1390,5730,"Bruant à gorge noire","Amphispiza bilineata","Passeriformes","Emberizidae","Amphispiza","bilineata"
"SABS","Sagebrush Sparrow","Artemisiospiza nevadensis","ARTNEV",1391,5738,"Bruant des armoises","Artemisiospiza nevadensis","Passeriformes","Emberizidae","Artemisiospiza","nevadensis"
"BESP","Bell's Sparrow","Artemisiospiza belli","ARTBEL",1392,5739,"Bruant de Bell","Artemisiospiza belli","Passeriformes","Emberizidae","Artemisiospiza","belli"
"LARB","Lark Bunting","Calamospiza melanocorys","CALMEC",1394,6050,"Bruant noir et blanc","Calamospiza melanocorys","Passeriformes","Emberizidae","Calamospiza","melanocorys"
"SAVS","Savannah Sparrow","Passerculus sandwichensis","PASSAN",1395,5420,"Bruant des prés","Passerculus sandwichensis","Passeriformes","Emberizidae","Passerculus","sandwichensis"
"GRSP","Grasshopper Sparrow","Ammodramus savannarum","AMMSAV",1396,5460,"Bruant sauterelle","Ammodramus savannarum","Passeriformes","Emberizidae","Ammodramus","savannarum"
"BAIS","Baird's Sparrow","Centronyx bairdii","CENBAI",1397,5450,"Bruant de Baird","Ammodramus bairdii","Passeriformes","Emberizidae","Ammodramus","bairdii"
"HESP","Henslow's Sparrow","Centronyx henslowii","CENHEN",1398,5470,"Bruant de Henslow","Ammodramus henslowii","Passeriformes","Emberizidae","Ammodramus","henslowii"
"SESP","Seaside Sparrow","Ammospiza maritima","AMMMAR",1402,5500,"Bruant maritime","Ammodramus maritimus","Passeriformes","Emberizidae","Ammodramus","maritimus"
"NESP","Nelson's Sparrow","Ammospiza nelsoni","AMMNEL",1400,5491,"Bruant de Nelson","Ammodramus nelsoni","Passeriformes","Emberizidae","Ammodramus","nelsoni"
"SALS","Saltmarsh Sparrow","Ammospiza caudacuta","AMMCAU",1401,5490,"Bruant à queue aiguë","Ammodramus caudacutus","Passeriformes","Emberizidae","Ammodramus","caudacutus"
"FOSP","Fox Sparrow","Passerella iliaca","PASILI",1404,5850,"Bruant fauve","Passerella iliaca","Passeriformes","Emberizidae","Passerella","iliaca"
"SOSP","Song Sparrow","Melospiza melodia","MELMEL",1405,5810,"Bruant chanteur","Melospiza melodia","Passeriformes","Emberizidae","Melospiza","melodia"
"LISP","Lincoln's Sparrow","Melospiza lincolnii","MELLIN",1406,5830,"Bruant de Lincoln","Melospiza lincolnii","Passeriformes","Emberizidae","Melospiza","lincolnii"
"SWSP","Swamp Sparrow","Melospiza georgiana","MELGEO",1407,5840,"Bruant des marais","Melospiza georgiana","Passeriformes","Emberizidae","Melospiza","georgiana"
"WTSP","White-throated Sparrow","Zonotrichia albicollis","ZONALB",1409,5580,"Bruant à gorge blanche","Zonotrichia albicollis","Passeriformes","Emberizidae","Zonotrichia","albicollis"
"HASP","Harris's Sparrow","Zonotrichia querula","ZONQUE",1410,5530,"Bruant à face noire","Zonotrichia querula","Passeriformes","Emberizidae","Zonotrichia","querula"
"WCSP","White-crowned Sparrow","Zonotrichia leucophrys","ZONLEU",1411,5540,"Bruant à couronne blanche","Zonotrichia leucophrys","Passeriformes","Emberizidae","Zonotrichia","leucophrys"
"GCSP","Golden-crowned Sparrow","Zonotrichia atricapilla","ZONATR",1412,5570,"Bruant à couronne dorée","Zonotrichia atricapilla","Passeriformes","Emberizidae","Zonotrichia","atricapilla"
"YEJU","Yellow-eyed Junco","Junco phaeonotus","JUNPHA",1420,5700,"Junco aux yeux jaunes","Junco phaeonotus","Passeriformes","Emberizidae","Junco","phaeonotus"
"YBCH","Yellow-breasted Chat","Icteria virens","ICTVIR",1319,6830,"Paruline polyglotte","Icteria virens","Passeriformes","Parulidae","Icteria","virens"
"YHBL","Yellow-headed Blackbird","Xanthocephalus xanthocephalus","XANXAN",1470,4970,"Carouge à tête jaune","Xanthocephalus xanthocephalus","Passeriformes","Icteridae","Xanthocephalus","xanthocephalus"
"BOBO","Bobolink","Dolichonyx oryzivorus","DOLORY",1463,4940,"Goglu des prés","Dolichonyx oryzivorus","Passeriformes","Icteridae","Dolichonyx","oryzivorus"
"EAME","Eastern Meadowlark","Sturnella magna","STUMAG",1467,5010,"Sturnelle des prés","Sturnella magna","Passeriformes","Icteridae","Sturnella","magna"
"WEME","Western Meadowlark","Sturnella neglecta","STUNEG",1468,5011,"Sturnelle de l'Ouest","Sturnella neglecta","Passeriformes","Icteridae","Sturnella","neglecta"
"OROR","Orchard Oriole","Icterus spurius","ICTSPU",1486,5060,"Oriole des vergers","Icterus spurius","Passeriformes","Icteridae","Icterus","spurius"
"HOOR","Hooded Oriole","Icterus cucullatus","ICTCUC",1487,5050,"Oriole masqué","Icterus cucullatus","Passeriformes","Icteridae","Icterus","cucullatus"
"BUOR","Bullock's Oriole","Icterus bullockii","ICTBUL",1491,5080,"Oriole de Bullock","Icterus bullockii","Passeriformes","Icteridae","Icterus","bullockii"
"SBOR","Spot-breasted Oriole","Icterus pectoralis","ICTPEC",1493,5032,"Oriole maculé","Icterus pectoralis","Passeriformes","Icteridae","Icterus","pectoralis"
"ALOR","Altamira Oriole","Icterus gularis","ICTGUL",1494,5031,"Oriole à gros bec","Icterus gularis","Passeriformes","Icteridae","Icterus","gularis"
"AUOR","Audubon's Oriole","Icterus graduacauda","ICTGRA",1495,5030,"Oriole d'Audubon","Icterus graduacauda","Passeriformes","Icteridae","Icterus","graduacauda"
"BAOR","Baltimore Oriole","Icterus galbula","ICTGAL",1496,5070,"Oriole de Baltimore","Icterus galbula","Passeriformes","Icteridae","Icterus","galbula"
"SCOR","Scott's Oriole","Icterus parisorum","ICTPAR",1500,5040,"Oriole jaune-verdâtre","Icterus parisorum","Passeriformes","Icteridae","Icterus","parisorum"
"RWBL","Red-winged Blackbird","Agelaius phoeniceus","AGEPHO",1464,4980,"Carouge à épaulettes","Agelaius phoeniceus","Passeriformes","Icteridae","Agelaius","phoeniceus"
"TRBL","Tricolored Blackbird","Agelaius tricolor","AGETRI",1465,5000,"Carouge de Californie","Agelaius tricolor","Passeriformes","Icteridae","Agelaius","tricolor"
"SHCO","Shiny Cowbird","Molothrus bonariensis","MOLBON",1478,4961,"Vacher luisant","Molothrus bonariensis","Passeriformes","Icteridae","Molothrus","bonariensis"
"BROC","Bronzed Cowbird","Molothrus aeneus","MOLAEN",1479,4960,"Vacher bronzé","Molothrus aeneus","Passeriformes","Icteridae","Molothrus","aeneus"
"BHCO","Brown-headed Cowbird","Molothrus ater","MOLATE",1480,4950,"Vacher à tête brune","Molothrus ater","Passeriformes","Icteridae","Molothrus","ater"
"RUBL","Rusty Blackbird","Euphagus carolinus","EUPCAR",1472,5090,"Quiscale rouilleux","Euphagus carolinus","Passeriformes","Icteridae","Euphagus","carolinus"
"BRBL","Brewer's Blackbird","Euphagus cyanocephalus","EUPCYC",1473,5100,"Quiscale de Brewer","Euphagus cyanocephalus","Passeriformes","Icteridae","Euphagus","cyanocephalus"
"COGR","Common Grackle","Quiscalus quiscula","QUIQUI",1474,5110,"Quiscale bronzé","Quiscalus quiscula","Passeriformes","Icteridae","Quiscalus","quiscula"
"BTGR","Boat-tailed Grackle","Quiscalus major","QUIMAJ",1475,5130,"Quiscale des marais","Quiscalus major","Passeriformes","Icteridae","Quiscalus","major"
"GTGR","Great-tailed Grackle","Quiscalus mexicanus","QUIMEX",1476,5120,"Quiscale à longue queue","Quiscalus mexicanus","Passeriformes","Icteridae","Quiscalus","mexicanus"
"OVEN","Ovenbird","Seiurus aurocapilla","SEIAUR",1251,6740,"Paruline couronnée","Seiurus aurocapilla","Passeriformes","Parulidae","Seiurus","aurocapilla"
"WEWA","Worm-eating Warbler","Helmitheros vermivorum","HELVER",1252,6390,"Paruline vermivore","Helmitheros vermivorum","Passeriformes","Parulidae","Helmitheros","vermivorum"
"LOWA","Louisiana Waterthrush","Parkesia motacilla","PARMOT",1253,6760,"Paruline hochequeue","Parkesia motacilla","Passeriformes","Parulidae","Parkesia","motacilla"
"NOWA","Northern Waterthrush","Parkesia noveboracensis","PARNOV",1254,6750,"Paruline des ruisseaux","Parkesia noveboracensis","Passeriformes","Parulidae","Parkesia","noveboracensis"
"GWWA","Golden-winged Warbler","Vermivora chrysoptera","VERCHR",1255,6420,"Paruline à ailes dorées","Vermivora chrysoptera","Passeriformes","Parulidae","Vermivora","chrysoptera"
"BWWA","Blue-winged Warbler","Vermivora cyanoptera","VERCYA",1256,6410,"Paruline à ailes bleues","Vermivora cyanoptera","Passeriformes","Parulidae","Vermivora","cyanoptera"
"BAWW","Black-and-white Warbler","Mniotilta varia","MNIVAR",1259,6360,"Paruline noir et blanc","Mniotilta varia","Passeriformes","Parulidae","Mniotilta","varia"
"PROW","Prothonotary Warbler","Protonotaria citrea","PROCIT",1260,6370,"Paruline orangée","Protonotaria citrea","Passeriformes","Parulidae","Protonotaria","citrea"
"SWWA","Swainson's Warbler","Limnothlypis swainsonii","LIMSWA",1261,6380,"Paruline de Swainson","Limnothlypis swainsonii","Passeriformes","Parulidae","Limnothlypis","swainsonii"
"TEWA","Tennessee Warbler","Oreothlypis peregrina","OREPER",1263,6470,"Paruline obscure","Oreothlypis peregrina","Passeriformes","Parulidae","Oreothlypis","peregrina"
"OCWA","Orange-crowned Warbler","Oreothlypis celata","ORECEL",1264,6460,"Paruline verdâtre","Oreothlypis celata","Passeriformes","Parulidae","Oreothlypis","celata"
"LUWA","Lucy's Warbler","Oreothlypis luciae","ORELUC",1266,6430,"Paruline de Lucy","Oreothlypis luciae","Passeriformes","Parulidae","Oreothlypis","luciae"
"NAWA","Nashville Warbler","Oreothlypis ruficapilla","ORERUF",1267,6450,"Paruline à joues grises","Oreothlypis ruficapilla","Passeriformes","Parulidae","Oreothlypis","ruficapilla"
"VIWA","Virginia's Warbler","Oreothlypis virginiae","OREVIR",1268,6440,"Paruline de Virginia","Oreothlypis virginiae","Passeriformes","Parulidae","Oreothlypis","virginiae"
"CONW","Connecticut Warbler","Oporornis agilis","OPOAGI",1269,6780,"Paruline à gorge grise","Oporornis agilis","Passeriformes","Parulidae","Oporornis","agilis"
"MGWA","MacGillivray's Warbler","Geothlypis tolmiei","GEOTOL",1271,6800,"Paruline des buissons","Geothlypis tolmiei","Passeriformes","Parulidae","Geothlypis","tolmiei"
"MOWA","Mourning Warbler","Geothlypis philadelphia","GEOPHI",1272,6790,"Paruline triste","Geothlypis philadelphia","Passeriformes","Parulidae","Geothlypis","philadelphia"
"KEWA","Kentucky Warbler","Geothlypis formosa","GEOFOR",1273,6770,"Paruline du Kentucky","Geothlypis formosa","Passeriformes","Parulidae","Geothlypis","formosa"
"COYE","Common Yellowthroat","Geothlypis trichas","GEOTRI",1277,6810,"Paruline masquée","Geothlypis trichas","Passeriformes","Parulidae","Geothlypis","trichas"
"HOWA","Hooded Warbler","Setophaga citrina","SETCIT",1279,6840,"Paruline à capuchon","Setophaga citrina","Passeriformes","Parulidae","Setophaga","citrina"
"AMRE","American Redstart","Setophaga ruticilla","SETRUT",1280,6870,"Paruline flamboyante","Setophaga ruticilla","Passeriformes","Parulidae","Setophaga","ruticilla"
"KIWA","Kirtland's Warbler","Setophaga kirtlandii","SETKIR",1281,6700,"Paruline de Kirtland","Setophaga kirtlandii","Passeriformes","Parulidae","Setophaga","kirtlandii"
"CMWA","Cape May Warbler","Setophaga tigrina","SETTIG",1282,6500,"Paruline tigrée","Setophaga tigrina","Passeriformes","Parulidae","Setophaga","tigrina"
"CERW","Cerulean Warbler","Setophaga cerulea","SETCER",1283,6580,"Paruline azurée","Setophaga cerulea","Passeriformes","Parulidae","Setophaga","cerulea"
"NOPA","Northern Parula","Setophaga americana","SETAME",1284,6480,"Paruline à collier","Setophaga americana","Passeriformes","Parulidae","Setophaga","americana"
"TRPA","Tropical Parula","Setophaga pitiayumi","SETPIM",1285,6490,"Paruline à joues noires","Setophaga pitiayumi","Passeriformes","Parulidae","Setophaga","pitiayumi"
"MAWA","Magnolia Warbler","Setophaga magnolia","SETMAG",1286,6570,"Paruline à tête cendrée","Setophaga magnolia","Passeriformes","Parulidae","Setophaga","magnolia"
"BBWA","Bay-breasted Warbler","Setophaga castanea","SETCAS",1287,6600,"Paruline à poitrine baie","Setophaga castanea","Passeriformes","Parulidae","Setophaga","castanea"
"BLBW","Blackburnian Warbler","Setophaga fusca","SETFUS",1288,6620,"Paruline à gorge orangée","Setophaga fusca","Passeriformes","Parulidae","Setophaga","fusca"
"YEWA","Yellow Warbler","Setophaga petechia","SETPET",1289,6520,"Paruline jaune","Setophaga petechia","Passeriformes","Parulidae","Setophaga","petechia"
"CSWA","Chestnut-sided Warbler","Setophaga pensylvanica","SETPEN",1290,6590,"Paruline à flancs marron","Setophaga pensylvanica","Passeriformes","Parulidae","Setophaga","pensylvanica"
"BLPW","Blackpoll Warbler","Setophaga striata","SETSTR",1291,6610,"Paruline rayée","Setophaga striata","Passeriformes","Parulidae","Setophaga","striata"
"BTBW","Black-throated Blue Warbler","Setophaga caerulescens","SETCAE",1292,6540,"Paruline bleue","Setophaga caerulescens","Passeriformes","Parulidae","Setophaga","caerulescens"
"PAWA","Palm Warbler","Setophaga palmarum","SETPAL",1293,6720,"Paruline à couronne rousse","Setophaga palmarum","Passeriformes","Parulidae","Setophaga","palmarum"
"PIWA","Pine Warbler","Setophaga pinus","SETPIN",1294,6710,"Paruline des pins","Setophaga pinus","Passeriformes","Parulidae","Setophaga","pinus"
"YTWA","Yellow-throated Warbler","Setophaga dominica","SETDOM",1298,6630,"Paruline à gorge jaune","Setophaga dominica","Passeriformes","Parulidae","Setophaga","dominica"
"PRAW","Prairie Warbler","Setophaga discolor","SETDIS",1299,6730,"Paruline des prés","Setophaga discolor","Passeriformes","Parulidae","Setophaga","discolor"
"GRWA","Grace's Warbler","Setophaga graciae","SETGRA",1300,6640,"Paruline de Grace","Setophaga graciae","Passeriformes","Parulidae","Setophaga","graciae"
"BTYW","Black-throated Gray Warbler","Setophaga nigrescens","SETNIG",1301,6650,"Paruline grise","Setophaga nigrescens","Passeriformes","Parulidae","Setophaga","nigrescens"
"TOWA","Townsend's Warbler","Setophaga townsendi","SETTOW",1302,6680,"Paruline de Townsend","Setophaga townsendi","Passeriformes","Parulidae","Setophaga","townsendi"
"HEWA","Hermit Warbler","Setophaga occidentalis","SETOCC",1303,6690,"Paruline à tête jaune","Setophaga occidentalis","Passeriformes","Parulidae","Setophaga","occidentalis"
"GCWA","Golden-cheeked Warbler","Setophaga chrysoparia","SETCHR",1306,6660,"Paruline à dos noir","Setophaga chrysoparia","Passeriformes","Parulidae","Setophaga","chrysoparia"
"BTNW","Black-throated Green Warbler","Setophaga virens","SETVIR",1307,6670,"Paruline à gorge noire","Setophaga virens","Passeriformes","Parulidae","Setophaga","virens"
"CAWA","Canada Warbler","Cardellina canadensis","CADCAN",1312,6860,"Paruline du Canada","Cardellina canadensis","Passeriformes","Parulidae","Cardellina","canadensis"
"WIWA","Wilson's Warbler","Cardellina pusilla","CARPUS",1313,6850,"Paruline à calotte noire","Cardellina pusilla","Passeriformes","Parulidae","Cardellina","pusilla"
"RFWA","Red-faced Warbler","Cardellina rubrifrons","CARRUF",1314,6900,"Paruline à face rouge","Cardellina rubrifrons","Passeriformes","Parulidae","Cardellina","rubrifrons"
"PARE","Painted Redstart","Myioborus pictus","MYIPIC",1317,6880,"Paruline à ailes blanches","Myioborus pictus","Passeriformes","Parulidae","Myioborus","pictus"
"HETA","Hepatic Tanager","Piranga flava","PIRFLA",1432,6090,"Piranga orangé","Piranga flava","Passeriformes","Cardinalidae","Piranga","flava"
"SUTA","Summer Tanager","Piranga rubra","PIRRUB",1433,6100,"Piranga vermillon","Piranga rubra","Passeriformes","Cardinalidae","Piranga","rubra"
"SCTA","Scarlet Tanager","Piranga olivacea","PIROLI",1434,6080,"Piranga écarlate","Piranga olivacea","Passeriformes","Cardinalidae","Piranga","olivacea"
"WETA","Western Tanager","Piranga ludoviciana","PIRLUD",1435,6070,"Piranga à tête rouge","Piranga ludoviciana","Passeriformes","Cardinalidae","Piranga","ludoviciana"
"NOCA","Northern Cardinal","Cardinalis cardinalis","CARCAI",1443,5930,"Cardinal rouge","Cardinalis cardinalis","Passeriformes","Cardinalidae","Cardinalis","cardinalis"
"PYRR","Pyrrhuloxia","Cardinalis sinuatus","CARSIN",1444,5940,"Cardinal pyrrhuloxia","Cardinalis sinuatus","Passeriformes","Cardinalidae","Cardinalis","sinuatus"
"RBGR","Rose-breasted Grosbeak","Pheucticus ludovicianus","PHELUD",1447,5950,"Cardinal à poitrine rose","Pheucticus ludovicianus","Passeriformes","Cardinalidae","Pheucticus","ludovicianus"
"BHGR","Black-headed Grosbeak","Pheucticus melanocephalus","PHEMEL",1448,5960,"Cardinal à tête noire","Pheucticus melanocephalus","Passeriformes","Cardinalidae","Pheucticus","melanocephalus"
"BLGR","Blue Grosbeak","Passerina caerulea","PASCAE",1454,5970,"Guiraca bleu","Passerina caerulea","Passeriformes","Cardinalidae","Passerina","caerulea"
"LAZB","Lazuli Bunting","Passerina amoena","PASAMO",1455,5990,"Passerin azuré","Passerina amoena","Passeriformes","Cardinalidae","Passerina","amoena"
"INBU","Indigo Bunting","Passerina cyanea","PASCYA",1456,5980,"Passerin indigo","Passerina cyanea","Passeriformes","Cardinalidae","Passerina","cyanea"
"VABU","Varied Bunting","Passerina versicolor","PASVER",1460,6000,"Passerin varié","Passerina versicolor","Passeriformes","Cardinalidae","Passerina","versicolor"
"PABU","Painted Bunting","Passerina ciris","PASCIR",1461,6010,"Passerin nonpareil","Passerina ciris","Passeriformes","Cardinalidae","Passerina","ciris"
"DICK","Dickcissel","Spiza americana","SPIAME",1462,6040,"Dickcissel d'Amérique","Spiza americana","Passeriformes","Cardinalidae","Spiza","americana"
